trace_id,timestamp,Type,Air_temperature_K,Process_temperature_K,Rotational_speed_rpm,Torque_Nm,Tool_wear_min,probabilidad_falla,umbral,prediccion,resultado,latencia_ms,estado
83758cdb-e1b9-4ee6-9d32-be828bd761fa,2026-07-25T20:13:26,2,398.1,408.6,1200.0,42.8,10,0.0166,0.3,0,Sin falla esperada,10.377899976447225,OK
bcc3f48f-abbd-4786-83fd-9ce13c1b1657,2026-07-25T22:50:46,3,39.1,40.6,1200.0,42.8,10,0.0053,0.3,0,Sin falla esperada,11.168800061568618,OK
e4485dc8-bcd6-4cb3-ade9-209e162e218f,2026-07-25T22:51:27,4,139.1,440.6,1200.0,82.8,10,0.8278,0.3,1,Riesgo de falla,3.7411999655887485,OK
44a7fe31-222d-43f8-90a9-356ed19502e2,2026-07-25T22:52:15,5,239.1,30.6,1200.0,182.8,20,0.786,0.3,1,Riesgo de falla,3.1769999768584967,OK
37493aba-f8c4-4cef-8614-42b07d19c13a,2026-07-25T22:52:52,6,50.1,330.6,1200.0,682.8,30,0.8278,0.3,1,Riesgo de falla,4.237700020894408,OK
df6304db-7b57-4036-8c06-b0a44390af5c,2026-07-25T22:53:27,7,550.1,1330.6,120.0,282.8,40,0.6792,0.3,1,Riesgo de falla,3.2141999108716846,OK
722866d3-2c1e-4fe5-8fe1-ef9cffabb909,2026-07-25T22:54:03,8,150.1,330.6,1200.0,182.8,50,0.8278,0.3,1,Riesgo de falla,3.3106000628322363,OK
cb227a56-58ff-483f-8efd-fbd479506362,2026-07-25T22:54:51,9,50.1,60.6,1200.0,182.8,55,0.786,0.3,1,Riesgo de falla,8.767000050283968,OK
c3694998-32a6-4ab6-8f7d-3f5d5a98ab81,2026-07-25T22:56:04,10,28.0,40.0,120.0,80.0,10,0.786,0.3,1,Riesgo de falla,4.010699922218919,OK
